member_id,loan_amnt,funded_amnt,funded_amnt_inv,term,int_rate,installment,grade,sub_grade,emp_length,home_ownership,annual_inc,verification_status,issue_d,loan_status,pymnt_plan,purpose,addr_state,dti,delinq_2yrs,inq_last_6mths,open_acc,pub_rec,revol_bal,revol_util,total_acc,initial_list_status,out_prncp,out_prncp_inv,total_pymnt,total_pymnt_inv,recoveries,collection_recovery_fee,last_pymnt_amnt,last_credit_pull_d,collections_12_mths_ex_med,application_type,acc_now_delinq,tot_coll_amt,tot_cur_bal,total_rev_hi_lim
1296599,5000.0,5000.0,4975.0, 36 months,10.65,162.87,B,B2,10+ years,RENT,24000.0,Verified,Dec-2011,Fully Paid,n,credit_card,AZ,27.65,0.0,1.0,3.0,0.0,13648.0,83.7,9.0,f,0.0,0.0,5861.07141425,5831.78,0.0,0.0,171.62,Jan-2016,0.0,INDIVIDUAL,0.0,,,
1314167,2500.0,2500.0,2500.0, 60 months,15.27,59.83,C,C4,< 1 year,RENT,30000.0,Source Verified,Dec-2011,Charged Off,n,car,GA,1.0,0.0,5.0,3.0,0.0,1687.0,9.4,4.0,f,0.0,0.0,1008.71,1008.71,117.08,1.11,119.66,Sep-2013,0.0,INDIVIDUAL,0.0,,,
1313524,2400.0,2400.0,2400.0, 36 months,15.96,84.33,C,C5,10+ years,RENT,12252.0,Not Verified,Dec-2011,Fully Paid,n,small_business,IL,8.72,0.0,2.0,2.0,0.0,2956.0,98.5,10.0,f,0.0,0.0,3003.65364445,3003.65,0.0,0.0,649.91,Jan-2016,0.0,INDIVIDUAL,0.0,,,
1277178,10000.0,10000.0,10000.0, 36 months,13.49,339.31,C,C1,10+ years,RENT,49200.0,Source Verified,Dec-2011,Fully Paid,n,other,CA,20.0,0.0,1.0,10.0,0.0,5598.0,21.0,37.0,f,0.0,0.0,12226.3022123,12226.3,0.0,0.0,357.48,Jan-2015,0.0,INDIVIDUAL,0.0,,,
1311748,3000.0,3000.0,3000.0, 60 months,12.69,67.79,B,B5,1 year,RENT,80000.0,Source Verified,Dec-2011,Current,n,other,OR,17.94,0.0,0.0,15.0,0.0,27783.0,53.9,38.0,f,766.9,766.9,3242.17,3242.17,0.0,0.0,67.79,Jan-2016,0.0,INDIVIDUAL,0.0,,,
1311441,5000.0,5000.0,5000.0, 36 months,7.9,156.46,A,A4,3 years,RENT,36000.0,Source Verified,Dec-2011,Fully Paid,n,wedding,AZ,11.2,0.0,3.0,9.0,0.0,7963.0,28.3,12.0,f,0.0,0.0,5631.37775318,5631.38,0.0,0.0,161.03,Sep-2015,0.0,INDIVIDUAL,0.0,,,
1304742,7000.0,7000.0,7000.0, 60 months,15.96,170.08,C,C5,8 years,RENT,47004.0,Not Verified,Dec-2011,Current,n,debt_consolidation,NC,23.51,0.0,1.0,7.0,0.0,17726.0,85.6,11.0,f,1889.15,1889.15,8136.84,8136.84,0.0,0.0,170.08,Jan-2016,0.0,INDIVIDUAL,0.0,,,
1288686,3000.0,3000.0,3000.0, 36 months,18.64,109.43,E,E1,9 years,RENT,48000.0,Source Verified,Dec-2011,Fully Paid,n,car,CA,5.35,0.0,2.0,4.0,0.0,8221.0,87.5,4.0,f,0.0,0.0,3938.14433376,3938.14,0.0,0.0,111.34,Dec-2014,0.0,INDIVIDUAL,0.0,,,
1306957,5600.0,5600.0,5600.0, 60 months,21.28,152.39,F,F2,4 years,OWN,40000.0,Source Verified,Dec-2011,Charged Off,n,small_business,CA,5.55,0.0,2.0,11.0,0.0,5210.0,32.6,13.0,f,0.0,0.0,646.02,646.02,189.06,2.09,152.39,Aug-2012,0.0,INDIVIDUAL,0.0,,,
1306721,5375.0,5375.0,5350.0, 60 months,12.69,121.45,B,B5,< 1 year,RENT,15000.0,Verified,Dec-2011,Charged Off,n,other,TX,18.08,0.0,0.0,2.0,0.0,9279.0,36.5,3.0,f,0.0,0.0,1476.19,1469.34,269.29,2.52,121.45,Mar-2013,0.0,INDIVIDUAL,0.0,,,
1305201,6500.0,6500.0,6500.0, 60 months,14.65,153.45,C,C3,5 years,OWN,72000.0,Not Verified,Dec-2011,Fully Paid,n,debt_consolidation,AZ,16.12,0.0,2.0,14.0,0.0,4032.0,20.6,23.0,f,0.0,0.0,7677.52,7677.52,0.0,0.0,1655.54,Dec-2015,0.0,INDIVIDUAL,0.0,,,
1305008,12000.0,12000.0,12000.0, 36 months,12.69,402.54,B,B5,10+ years,OWN,75000.0,Source Verified,Dec-2011,Fully Paid,n,debt_consolidation,CA,10.78,0.0,0.0,12.0,0.0,23336.0,67.1,34.0,f,0.0,0.0,13943.08,13943.08,0.0,0.0,6315.3,Aug-2013,0.0,INDIVIDUAL,0.0,,,
1298717,9000.0,9000.0,9000.0, 36 months,13.49,305.38,C,C1,< 1 year,RENT,30000.0,Source Verified,Dec-2011,Charged Off,n,debt_consolidation,VA,10.08,0.0,1.0,4.0,0.0,10452.0,91.7,9.0,f,0.0,0.0,2270.7,2270.7,444.3,4.16,305.38,Nov-2012,0.0,INDIVIDUAL,0.0,,,
1304956,3000.0,3000.0,3000.0, 36 months,9.91,96.68,B,B1,3 years,RENT,15000.0,Source Verified,Dec-2011,Fully Paid,n,credit_card,IL,12.56,0.0,2.0,11.0,0.0,7323.0,43.1,11.0,f,0.0,0.0,3478.98191538,3478.98,0.0,0.0,102.43,Jan-2016,0.0,INDIVIDUAL,0.0,,,
1303503,10000.0,10000.0,10000.0, 36 months,10.65,325.74,B,B2,3 years,RENT,100000.0,Source Verified,Dec-2011,Charged Off,n,other,CA,7.06,0.0,2.0,14.0,0.0,11997.0,55.5,29.0,f,0.0,0.0,7471.99,7471.99,645.1,6.3145,325.74,Mar-2014,0.0,INDIVIDUAL,0.0,,,
1304871,1000.0,1000.0,1000.0, 36 months,16.29,35.31,D,D1,< 1 year,RENT,28000.0,Not Verified,Dec-2011,Fully Paid,n,debt_consolidation,MO,20.31,0.0,1.0,11.0,0.0,6524.0,81.5,23.0,f,0.0,0.0,1270.1711062000004,1270.17,0.0,0.0,36.32,Jan-2016,0.0,INDIVIDUAL,0.0,,,
1299699,10000.0,10000.0,10000.0, 36 months,15.27,347.98,C,C4,4 years,RENT,42000.0,Not Verified,Dec-2011,Fully Paid,n,home_improvement,CA,18.6,0.0,2.0,14.0,0.0,24043.0,70.2,28.0,f,0.0,0.0,12519.2604496,12519.26,0.0,0.0,370.46,Apr-2015,0.0,INDIVIDUAL,0.0,,,
1304884,3600.0,3600.0,3600.0, 36 months,6.03,109.57,A,A1,10+ years,MORTGAGE,110000.0,Not Verified,Dec-2011,Fully Paid,n,major_purchase,CT,10.52,0.0,0.0,20.0,0.0,22836.0,16.0,42.0,f,0.0,0.0,3785.02,3785.02,0.0,0.0,583.45,May-2014,0.0,INDIVIDUAL,0.0,,,
1294539,6000.0,6000.0,6000.0, 36 months,11.71,198.46,B,B3,1 year,MORTGAGE,84000.0,Verified,Dec-2011,Fully Paid,n,medical,UT,18.44,2.0,0.0,4.0,0.0,0.0,37.73,14.0,f,0.0,0.0,7164.4998522,7164.5,0.0,0.0,16.98,Jul-2015,0.0,INDIVIDUAL,0.0,,,
1304855,9200.0,9200.0,9200.0, 36 months,6.03,280.01,A,A1,6 years,RENT,77385.19,Not Verified,Dec-2011,Fully Paid,n,debt_consolidation,CA,9.86,0.0,0.0,8.0,0.0,7314.0,23.1,28.0,f,0.0,0.0,9459.96,9459.96,0.0,0.0,8061.1,Jul-2012,0.0,INDIVIDUAL,0.0,,,
1284848,20250.0,20250.0,19142.1610771, 60 months,15.27,484.63,C,C4,3 years,RENT,43370.0,Verified,Dec-2011,Fully Paid,n,debt_consolidation,TX,26.53,0.0,3.0,8.0,0.0,17813.0,85.6,22.0,f,0.0,0.0,27663.042671,25417.68,0.0,0.0,6024.09,Dec-2015,0.0,INDIVIDUAL,0.0,,,
1269083,21000.0,21000.0,21000.0, 36 months,12.42,701.73,B,B4,10+ years,RENT,105000.0,Verified,Dec-2011,Charged Off,n,debt_consolidation,FL,13.22,0.0,0.0,7.0,0.0,32135.0,90.3,38.0,f,0.0,0.0,14025.4,14025.4,0.0,0.0,701.73,Jan-2016,0.0,INDIVIDUAL,0.0,,,
1304821,10000.0,10000.0,10000.0, 36 months,11.71,330.76,B,B3,10+ years,OWN,50000.0,Source Verified,Dec-2011,Fully Paid,n,credit_card,TX,11.18,0.0,0.0,8.0,0.0,10056.0,82.4,21.0,f,0.0,0.0,11902.5615747,11902.56,0.0,0.0,349.21,Jan-2016,0.0,INDIVIDUAL,0.0,,,
1304810,10000.0,10000.0,10000.0, 36 months,11.71,330.76,B,B3,5 years,RENT,50000.0,Not Verified,Dec-2011,Fully Paid,n,debt_consolidation,CA,16.01,0.0,0.0,6.0,0.0,17800.0,91.8,17.0,f,0.0,0.0,11536.31,11536.31,0.0,0.0,4942.63,Mar-2014,0.0,INDIVIDUAL,0.0,,,
1304634,6000.0,6000.0,6000.0, 36 months,11.71,198.46,B,B3,1 year,RENT,76000.0,Not Verified,Dec-2011,Charged Off,n,major_purchase,CA,2.4,0.0,1.0,7.0,0.0,5963.0,29.7,7.0,f,0.0,0.0,2050.14,2050.14,269.31,2.57,198.46,Mar-2013,0.0,INDIVIDUAL,0.0,,,
1273773,15000.0,15000.0,15000.0, 36 months,9.91,483.38,B,B1,2 years,MORTGAGE,92000.0,Verified,Dec-2011,Fully Paid,n,credit_card,IL,29.44,0.0,0.0,8.0,0.0,13707.0,93.9,31.0,f,0.0,0.0,15823.48,15823.48,0.0,0.0,2447.05,Sep-2012,0.0,INDIVIDUAL,0.0,,,
1304679,15000.0,15000.0,8725.0, 36 months,14.27,514.64,C,C2,9 years,RENT,60000.0,Not Verified,Dec-2011,Charged Off,n,debt_consolidation,NY,15.22,0.0,1.0,7.0,0.0,5872.0,57.6,11.0,f,0.0,0.0,0.0,0.0,0.0,0.0,0.0,Jan-2016,0.0,INDIVIDUAL,0.0,,,
1304764,5000.0,5000.0,5000.0, 60 months,16.77,123.65,D,D2,2 years,RENT,50004.0,Not Verified,Dec-2011,Charged Off,n,other,PA,13.97,3.0,0.0,14.0,0.0,4345.0,59.5,22.0,f,0.0,0.0,1609.12,1609.12,260.96,2.3,123.65,May-2013,0.0,INDIVIDUAL,0.0,,,
1304678,4000.0,4000.0,4000.0, 36 months,11.71,132.31,B,B3,10+ years,MORTGAGE,106000.0,Not Verified,Dec-2011,Fully Paid,n,debt_consolidation,FL,5.63,1.0,0.0,12.0,0.0,6110.0,37.7,44.0,f,0.0,0.0,4484.79,4484.79,0.0,0.0,2638.77,Jan-2016,0.0,INDIVIDUAL,0.0,,,
1278806,8500.0,8500.0,8500.0, 36 months,11.71,281.15,B,B3,< 1 year,RENT,25000.0,Source Verified,Dec-2011,Fully Paid,n,credit_card,MN,12.19,0.0,0.0,8.0,0.0,6441.0,59.1,12.0,f,0.0,0.0,10122.2086138,10122.21,0.0,0.0,581.59,Jan-2015,0.0,INDIVIDUAL,0.0,,,
1261745,4375.0,4375.0,4375.0, 36 months,7.51,136.11,A,A3,7 years,MORTGAGE,17108.0,Source Verified,Dec-2011,Fully Paid,n,debt_consolidation,NY,20.34,0.0,0.0,6.0,0.0,11210.0,86.9,12.0,f,0.0,0.0,4898.54355838,4898.54,0.0,0.0,144.94,Dec-2014,0.0,INDIVIDUAL,0.0,,,
1304608,31825.0,31825.0,31825.0, 36 months,7.9,995.82,A,A4,5 years,MORTGAGE,75000.0,Verified,Dec-2011,Fully Paid,n,debt_consolidation,NJ,14.03,0.0,0.0,12.0,0.0,23151.0,27.4,26.0,f,0.0,0.0,34886.08,34886.08,0.0,0.0,16966.7,Oct-2015,0.0,INDIVIDUAL,0.0,,,
1299514,10000.0,10000.0,9975.0, 60 months,15.96,242.97,C,C5,2 years,RENT,29120.0,Verified,Dec-2011,Current,n,debt_consolidation,FL,22.83,0.0,1.0,11.0,0.0,16158.0,63.6,31.0,f,2695.31,2688.53,11622.36,11593.4,0.0,0.0,242.97,Jan-2016,0.0,INDIVIDUAL,0.0,,,
1304289,5000.0,5000.0,5000.0, 36 months,8.9,158.77,A,A5,2 years,RENT,24044.0,Verified,Dec-2011,Fully Paid,n,debt_consolidation,OR,11.93,0.0,0.0,8.0,0.0,2224.0,29.3,16.0,f,0.0,0.0,5714.59212878,5714.59,0.0,0.0,163.64,Jan-2016,0.0,INDIVIDUAL,0.0,,,
1291365,7000.0,7000.0,7000.0, 36 months,15.96,245.97,C,C5,7 years,RENT,34000.0,Source Verified,Dec-2011,Fully Paid,n,credit_card,CA,6.35,0.0,1.0,6.0,0.0,6113.0,60.5,6.0,f,0.0,0.0,8848.94043027,8848.94,0.0,0.0,260.74,Dec-2014,0.0,INDIVIDUAL,0.0,,,
1304589,12400.0,12400.0,12400.0, 36 months,10.65,403.91,B,B2,10+ years,RENT,41000.0,Not Verified,Dec-2011,Fully Paid,n,credit_card,KY,11.8,0.0,2.0,9.0,0.0,11095.0,57.2,12.0,f,0.0,0.0,14537.4595273,14537.46,0.0,0.0,417.61,Dec-2014,0.0,INDIVIDUAL,0.0,,,
1304255,10800.0,10800.0,10800.0, 36 months,9.91,348.03,B,B1,2 years,RENT,55596.0,Source Verified,Dec-2011,Fully Paid,n,moving,CA,5.5,0.0,0.0,7.0,0.0,2535.0,13.3,18.0,f,0.0,0.0,12157.2,12157.2,0.0,0.0,3483.79,Jan-2016,0.0,INDIVIDUAL,0.0,,,
1304251,15000.0,15000.0,15000.0, 36 months,7.9,469.36,A,A4,1 year,RENT,45000.0,Verified,Dec-2011,Fully Paid,n,debt_consolidation,OH,8.48,0.0,0.0,7.0,0.0,6704.0,50.4,27.0,f,0.0,0.0,16662.6,16662.6,0.0,0.0,5872.8,Jan-2016,0.0,INDIVIDUAL,0.0,,,
1304250,6000.0,6000.0,6000.0, 36 months,12.42,200.5,B,B4,1 year,RENT,36852.0,Source Verified,Dec-2011,Fully Paid,n,debt_consolidation,AZ,10.62,0.0,1.0,7.0,0.0,7310.0,66.5,12.0,f,0.0,0.0,7125.2831651000015,7125.28,0.0,0.0,1923.53,Jan-2016,0.0,INDIVIDUAL,0.0,,,
1304237,12500.0,12500.0,12475.0, 60 months,12.69,282.44,B,B5,1 year,RENT,27000.0,Verified,Dec-2011,Current,n,debt_consolidation,IL,16.04,0.0,3.0,6.0,0.0,10143.0,50.0,24.0,f,3193.13,3186.72,13506.54,13479.58,0.0,0.0,282.44,Jan-2016,0.0,INDIVIDUAL,0.0,,,
1301955,9600.0,9600.0,9600.0, 36 months,7.51,298.67,A,A3,4 years,RENT,68004.0,Source Verified,Dec-2011,Fully Paid,n,other,SC,6.63,0.0,0.0,6.0,0.0,2896.0,18.1,11.0,f,0.0,0.0,10749.7626454,10749.76,0.0,0.0,311.56,Dec-2014,0.0,INDIVIDUAL,0.0,,,
1304567,12000.0,12000.0,12000.0, 36 months,7.9,375.49,A,A4,10+ years,RENT,62300.0,Not Verified,Dec-2011,Fully Paid,n,debt_consolidation,NJ,16.7,0.0,0.0,15.0,0.0,8601.0,21.0,25.0,f,0.0,0.0,13516.382957299998,13516.38,0.0,0.0,380.98,Sep-2015,0.0,INDIVIDUAL,0.0,,,
1304202,3000.0,3000.0,3000.0, 36 months,18.25,108.84,D,D5,9 years,MORTGAGE,65000.0,Not Verified,Dec-2011,Fully Paid,n,other,PA,17.39,0.0,0.0,8.0,0.0,43936.0,98.1,22.0,f,0.0,0.0,3915.02759536,3915.03,0.0,0.0,115.38,Jan-2016,0.0,INDIVIDUAL,0.0,,,
1292332,4400.0,4400.0,4400.0, 36 months,16.77,156.37,D,D2,10+ years,RENT,55000.0,Not Verified,Dec-2011,Fully Paid,n,debt_consolidation,RI,20.01,0.0,0.0,7.0,0.0,25237.0,99.0,11.0,f,0.0,0.0,5626.89265505,5626.89,0.0,0.0,162.44,Dec-2015,0.0,INDIVIDUAL,0.0,,,
1304526,6000.0,6000.0,6000.0, 36 months,6.03,182.62,A,A1,10+ years,MORTGAGE,45600.0,Not Verified,Dec-2011,Fully Paid,n,debt_consolidation,LA,5.34,0.0,1.0,6.0,0.0,3378.0,32.5,28.0,f,0.0,0.0,6065.86,6065.86,0.0,0.0,15.01,Jun-2012,0.0,INDIVIDUAL,0.0,,,
1282787,14000.0,14000.0,14000.0, 36 months,9.91,451.15,B,B1,6 years,RENT,80000.0,Not Verified,Dec-2011,Fully Paid,n,small_business,MA,10.0,0.0,1.0,7.0,0.0,2219.0,13.4,40.0,f,0.0,0.0,16239.9141276,16239.91,0.0,0.0,457.91,Jan-2016,0.0,INDIVIDUAL,0.0,,,
1304521,5000.0,5000.0,5000.0, 36 months,8.9,158.77,A,A5,10+ years,MORTGAGE,100000.0,Source Verified,Dec-2011,Charged Off,n,debt_consolidation,OH,16.33,0.0,0.0,17.0,0.0,74351.0,62.1,35.0,f,0.0,0.0,5021.37,5021.37,107.0,1.07,158.77,Dec-2014,0.0,INDIVIDUAL,0.0,,,
1304166,10000.0,10000.0,10000.0, 36 months,10.65,325.74,B,B2,6 years,RENT,27000.0,Verified,Dec-2011,Fully Paid,n,other,NY,11.47,0.0,0.0,7.0,0.0,7814.0,52.3,10.0,f,0.0,0.0,11724.567736799998,11724.57,0.0,0.0,332.92,Jan-2016,0.0,INDIVIDUAL,0.0,,,
1304171,10000.0,10000.0,10000.0, 36 months,6.03,304.36,A,A1,10+ years,RENT,60000.0,Not Verified,Dec-2011,Fully Paid,n,credit_card,CT,12.74,0.0,1.0,11.0,0.0,14019.0,19.5,18.0,f,0.0,0.0,10282.67,10282.67,0.0,0.0,8762.05,Jan-2016,0.0,INDIVIDUAL,0.0,,,
1303701,11000.0,11000.0,11000.0, 36 months,6.62,337.75,A,A2,5 years,RENT,70000.0,Not Verified,Dec-2011,Fully Paid,n,debt_consolidation,CT,10.85,0.0,0.0,5.0,0.0,11638.0,36.4,7.0,f,0.0,0.0,12157.3800468,12157.38,0.0,0.0,346.13,Jan-2016,0.0,INDIVIDUAL,0.0,,,
1304123,15000.0,15000.0,15000.0, 36 months,9.91,483.38,B,B1,8 years,MORTGAGE,80000.0,Not Verified,Dec-2011,Charged Off,n,debt_consolidation,IL,9.12,0.0,2.0,9.0,0.0,11845.0,63.7,28.0,f,0.0,0.0,16177.77,16177.77,222.81,36.3708,483.38,Mar-2015,0.0,INDIVIDUAL,0.0,,,
1302485,25600.0,25600.0,25350.0, 36 months,9.91,824.96,B,B1,9 years,RENT,110000.0,Verified,Dec-2011,Fully Paid,n,credit_card,CA,15.71,0.0,0.0,11.0,0.0,26088.0,62.0,27.0,f,0.0,0.0,29695.622675700004,29405.63,0.0,0.0,838.27,Jan-2016,0.0,INDIVIDUAL,0.0,,,
1304117,7000.0,7000.0,7000.0, 36 months,10.65,228.02,B,B2,< 1 year,RENT,40000.0,Not Verified,Dec-2011,Fully Paid,n,debt_consolidation,CA,7.38,0.0,0.0,7.0,0.0,12168.0,92.9,12.0,f,0.0,0.0,8205.47381646,8205.47,0.0,0.0,240.27,Dec-2014,0.0,INDIVIDUAL,0.0,,,
1304116,12000.0,12000.0,12000.0, 36 months,15.96,421.65,C,C5,4 years,RENT,50000.0,Not Verified,Dec-2011,Charged Off,n,car,CA,20.88,0.0,2.0,11.0,0.0,15793.0,90.8,11.0,f,0.0,0.0,3521.95,3521.95,578.94,5.49,421.65,Dec-2012,0.0,INDIVIDUAL,0.0,,,
1303909,12000.0,12000.0,12000.0, 36 months,9.91,386.7,B,B1,1 year,RENT,46000.0,Not Verified,Dec-2011,Fully Paid,n,credit_card,TX,8.11,0.0,1.0,11.0,0.0,12143.0,52.1,12.0,f,0.0,0.0,13748.2131095,13748.21,0.0,0.0,964.73,Jul-2014,0.0,INDIVIDUAL,0.0,,,
1303652,21000.0,21000.0,20975.0, 60 months,19.91,555.33,E,E4,7 years,RENT,50000.0,Verified,Dec-2011,Charged Off,n,debt_consolidation,WA,21.58,0.0,1.0,7.0,0.0,19448.0,97.6,14.0,f,0.0,0.0,18319.14,18297.35,0.0,0.0,555.33,Jan-2016,0.0,INDIVIDUAL,0.0,,,
1302790,16000.0,16000.0,15950.0, 60 months,19.91,423.11,E,E4,7 years,RENT,81000.0,Verified,Dec-2011,Fully Paid,n,credit_card,MA,20.52,0.0,3.0,12.0,0.0,27884.0,75.1,21.0,f,0.0,0.0,20876.1,20810.87,0.0,0.0,9931.02,Jan-2016,0.0,INDIVIDUAL,0.0,,,
1302882,10000.0,10000.0,10000.0, 36 months,12.42,334.16,B,B4,< 1 year,OWN,39000.0,Not Verified,Dec-2011,Fully Paid,n,debt_consolidation,OR,18.58,0.0,0.0,5.0,0.0,12874.0,72.7,10.0,f,0.0,0.0,11474.76,11474.76,0.0,0.0,5803.94,Mar-2015,0.0,INDIVIDUAL,0.0,,,
1274517,10000.0,10000.0,10000.0, 36 months,10.65,325.74,B,B2,2 years,RENT,51400.0,Not Verified,Dec-2011,Fully Paid,n,credit_card,TX,19.14,0.0,3.0,10.0,0.0,10160.0,59.1,24.0,f,0.0,0.0,10575.94,10575.94,0.0,0.0,8627.74,Sep-2014,0.0,INDIVIDUAL,0.0,,,
1287308,7100.0,7100.0,7100.0, 36 months,16.77,252.33,D,D2,1 year,MORTGAGE,33000.0,Verified,Dec-2011,Fully Paid,n,debt_consolidation,TX,24.0,0.0,2.0,4.0,0.0,6021.0,91.2,8.0,f,0.0,0.0,9079.33484306,9079.33,0.0,0.0,262.78,Jan-2016,0.0,INDIVIDUAL,0.0,,,
1287810,13000.0,13000.0,13000.0, 60 months,12.69,293.74,B,B5,< 1 year,MORTGAGE,30000.0,Source Verified,Dec-2011,Fully Paid,n,debt_consolidation,NJ,13.72,0.0,0.0,17.0,0.0,17080.0,58.9,27.0,f,0.0,0.0,17402.2399868,17402.24,0.0,0.0,3596.46,Jan-2016,0.0,INDIVIDUAL,0.0,,,
1277395,17500.0,8950.0,8925.0, 60 months,17.27,223.74,D,D3,6 years,RENT,40000.0,Verified,Dec-2011,Current,n,small_business,CA,19.47,0.0,1.0,5.0,0.0,10724.0,58.9,6.0,f,2462.25,2455.34,10713.52,10683.65,0.0,0.0,223.74,Jan-2016,0.0,INDIVIDUAL,0.0,,,
1278095,17675.0,17675.0,17675.0, 60 months,14.65,417.25,C,C3,< 1 year,RENT,50000.0,Source Verified,Dec-2011,Fully Paid,n,debt_consolidation,WI,16.46,0.0,2.0,6.0,0.0,6661.0,57.4,14.0,f,0.0,0.0,21323.43,21323.43,0.0,0.0,13814.81,Feb-2014,0.0,INDIVIDUAL,0.0,,,
1303549,8000.0,8000.0,8000.0, 36 months,16.77,284.31,D,D2,< 1 year,RENT,62000.0,Not Verified,Dec-2011,Fully Paid,n,debt_consolidation,VA,21.64,0.0,3.0,14.0,0.0,6088.0,66.9,20.0,f,0.0,0.0,10267.2621391,10267.26,0.0,0.0,606.54,Jan-2016,0.0,INDIVIDUAL,0.0,,,
1303778,10000.0,10000.0,9975.0, 60 months,10.65,215.69,B,B2,10+ years,RENT,45996.0,Verified,Dec-2011,Charged Off,n,debt_consolidation,OH,21.73,0.0,1.0,7.0,0.0,11170.0,30.1,15.0,f,0.0,0.0,8772.91,8751.08,847.3,152.514,1.0,Jun-2015,0.0,INDIVIDUAL,0.0,,,
1303750,3500.0,3500.0,3500.0, 36 months,10.65,114.01,B,B2,7 years,MORTGAGE,55000.0,Not Verified,Dec-2011,Fully Paid,n,debt_consolidation,OH,5.39,0.0,1.0,9.0,0.0,6611.0,45.9,12.0,f,0.0,0.0,4103.16812842,4103.17,0.0,0.0,118.32,Dec-2014,0.0,INDIVIDUAL,0.0,,,
1303740,12500.0,8925.0,8925.0, 60 months,17.27,223.11,D,D3,5 years,RENT,30000.0,Source Verified,Dec-2011,Charged Off,n,debt_consolidation,MN,13.16,0.0,0.0,7.0,1.0,9844.0,70.8,28.0,f,0.0,0.0,5577.75,5577.75,22.5,0.0,223.11,Jan-2016,0.0,INDIVIDUAL,0.0,,,
1303473,16425.0,16425.0,16425.0, 36 months,14.27,563.53,C,C2,4 years,RENT,44544.0,Source Verified,Dec-2011,Fully Paid,n,debt_consolidation,CA,22.71,0.0,1.0,10.0,0.0,15747.0,83.4,18.0,f,0.0,0.0,18172.71,18172.71,0.0,0.0,13108.71,Jul-2015,0.0,INDIVIDUAL,0.0,,,
1303528,8200.0,8200.0,8200.0, 60 months,21.28,223.14,F,F2,4 years,RENT,75000.0,Source Verified,Dec-2011,Charged Off,n,small_business,CA,12.48,0.0,3.0,6.0,0.0,9012.0,73.9,11.0,f,0.0,0.0,4173.57,4173.57,381.89,3.6,223.14,Oct-2013,0.0,INDIVIDUAL,0.0,,,
1303718,15000.0,15000.0,15000.0, 36 months,14.65,517.42,C,C3,2 years,OWN,61000.0,Verified,Dec-2011,Fully Paid,n,credit_card,FL,11.88,0.0,1.0,8.0,0.0,19397.0,79.5,18.0,f,0.0,0.0,18562.40042,18562.4,0.0,0.0,2533.38,Jan-2016,0.0,INDIVIDUAL,0.0,,,
1303486,20975.0,13575.0,13550.0, 60 months,17.58,341.63,D,D4,5 years,MORTGAGE,44000.0,Verified,Dec-2011,Fully Paid,n,credit_card,GA,18.79,0.0,0.0,13.0,1.0,20657.0,79.4,21.0,f,0.0,0.0,18097.3445842,18064.1,0.0,0.0,9245.21,Apr-2014,0.0,INDIVIDUAL,0.0,,,
1292558,6400.0,6400.0,6400.0, 36 months,16.77,227.45,D,D2,5 years,RENT,75000.0,Not Verified,Dec-2011,Charged Off,n,debt_consolidation,CA,20.22,0.0,0.0,9.0,0.0,7159.0,67.5,27.0,f,0.0,0.0,4776.45,4776.45,10.29,0.0,227.45,Jan-2016,0.0,INDIVIDUAL,0.0,,,
1303716,3000.0,3000.0,3000.0, 36 months,13.49,101.8,C,C1,1 year,RENT,33600.0,Not Verified,Dec-2011,Fully Paid,n,debt_consolidation,AL,18.11,0.0,0.0,4.0,0.0,2745.0,83.2,7.0,f,0.0,0.0,3246.8,3246.8,0.0,0.0,2539.58,Jan-2015,0.0,INDIVIDUAL,0.0,,,
1299004,12000.0,12000.0,12000.0, 36 months,16.77,426.47,D,D2,3 years,RENT,50000.0,Not Verified,Dec-2011,Fully Paid,n,credit_card,MA,20.57,0.0,1.0,13.0,0.0,11443.0,97.0,19.0,f,0.0,0.0,15346.4668655,15346.47,0.0,0.0,441.52,Dec-2014,0.0,INDIVIDUAL,0.0,,,
1303514,14400.0,14400.0,14400.0, 36 months,8.9,457.25,A,A5,< 1 year,OWN,150000.0,Source Verified,Dec-2011,Fully Paid,n,debt_consolidation,NY,14.85,0.0,0.0,12.0,0.0,63864.0,55.0,38.0,f,0.0,0.0,16459.519141999994,16459.52,0.0,0.0,464.02,Dec-2014,0.0,INDIVIDUAL,0.0,,,
1303303,12000.0,12000.0,12000.0, 36 months,14.65,413.94,C,C3,10+ years,RENT,90000.0,Not Verified,Dec-2011,Fully Paid,n,debt_consolidation,NJ,16.56,0.0,2.0,12.0,0.0,17116.0,78.5,36.0,f,0.0,0.0,12699.48,12699.48,0.0,0.0,11046.6,Jan-2016,0.0,INDIVIDUAL,0.0,,,
1303482,11000.0,11000.0,11000.0, 36 months,13.49,373.24,C,C1,10+ years,MORTGAGE,48000.0,Verified,Dec-2011,Fully Paid,n,debt_consolidation,TX,21.82,0.0,3.0,15.0,0.0,11382.0,65.0,29.0,f,0.0,0.0,13413.2160453,13413.22,0.0,0.0,1491.29,Oct-2014,0.0,INDIVIDUAL,0.0,,,
1302799,7250.0,7200.0,7175.0, 60 months,21.67,197.51,F,F3,< 1 year,RENT,75000.0,Verified,Dec-2011,Fully Paid,n,debt_consolidation,CA,24.82,0.0,2.0,9.0,1.0,21706.0,91.2,19.0,f,0.0,0.0,8201.53,8173.07,0.0,0.0,6824.7,Jan-2016,0.0,INDIVIDUAL,0.0,,,
1303437,15000.0,15000.0,15000.0, 36 months,7.9,469.36,A,A4,1 year,MORTGAGE,52000.0,Not Verified,Dec-2011,Fully Paid,n,small_business,TX,9.65,0.0,1.0,11.0,0.0,1616.0,6.7,29.0,f,0.0,0.0,15557.64,15557.64,0.0,0.0,312.74,Mar-2014,0.0,INDIVIDUAL,0.0,,,
1279714,18000.0,18000.0,18000.0, 60 months,19.91,475.99,E,E4,10+ years,MORTGAGE,65000.0,Not Verified,Dec-2011,Fully Paid,n,debt_consolidation,FL,6.81,0.0,0.0,10.0,0.0,11745.0,77.8,40.0,f,0.0,0.0,26027.5396382,26027.54,0.0,0.0,10783.73,Oct-2014,0.0,INDIVIDUAL,0.0,,,
1303432,35000.0,22075.0,22050.0, 60 months,17.27,551.84,D,D3,3 years,MORTGAGE,150000.0,Verified,Dec-2011,Fully Paid,n,home_improvement,NY,7.51,0.0,1.0,11.0,0.0,7334.0,53.3,31.0,f,0.0,0.0,28871.92,28839.26,0.0,0.0,15660.22,Feb-2014,0.0,INDIVIDUAL,0.0,,,
1302869,10000.0,10000.0,10000.0, 36 months,14.27,343.09,C,C2,2 years,RENT,68000.0,Source Verified,Dec-2011,Fully Paid,n,credit_card,PA,15.39,0.0,1.0,9.0,0.0,11303.0,81.3,15.0,f,0.0,0.0,10671.62,10671.62,0.0,0.0,8962.31,Feb-2013,0.0,INDIVIDUAL,0.0,,,
1282013,11800.0,11800.0,11800.0, 36 months,12.69,395.83,B,B5,6 years,RENT,42000.0,Source Verified,Dec-2011,Fully Paid,n,credit_card,NY,9.86,0.0,0.0,4.0,0.0,8940.0,74.8,13.0,f,0.0,0.0,14243.1583665,14243.16,0.0,0.0,419.36,Dec-2014,0.0,INDIVIDUAL,0.0,,,
1303403,4500.0,4500.0,4500.0, 36 months,6.03,136.96,A,A1,4 years,RENT,53000.0,Source Verified,Dec-2011,Fully Paid,n,major_purchase,CA,4.44,0.0,0.0,7.0,0.0,8630.0,13.9,17.0,f,0.0,0.0,4930.30217046,4930.3,0.0,0.0,138.95,Dec-2014,0.0,INDIVIDUAL,0.0,,,
1303379,7000.0,7000.0,7000.0, 36 months,12.69,234.82,B,B5,10+ years,RENT,35000.0,Source Verified,Dec-2011,Fully Paid,n,credit_card,CA,11.35,0.0,2.0,10.0,0.0,7649.0,82.3,26.0,f,0.0,0.0,8449.39474172,8449.39,0.0,0.0,248.19,Nov-2015,0.0,INDIVIDUAL,0.0,,,
1276120,9200.0,9200.0,9200.0, 36 months,12.42,307.43,B,B4,2 years,RENT,60000.0,Source Verified,Dec-2011,Fully Paid,n,debt_consolidation,CA,19.96,0.0,3.0,8.0,0.0,23299.0,78.7,19.0,f,0.0,0.0,10480.84,10480.84,0.0,0.0,365.48,Jul-2014,0.0,INDIVIDUAL,0.0,,,
1297940,14000.0,14000.0,13975.0, 60 months,17.27,349.98,D,D3,4 years,RENT,28000.0,Verified,Dec-2011,Current,n,other,WA,6.34,0.0,2.0,5.0,0.0,6986.0,79.4,10.0,f,3842.41,3835.51,16777.04,16747.17,0.0,0.0,349.98,Jan-2016,0.0,INDIVIDUAL,0.0,,,
1272024,4500.0,4500.0,4475.0, 60 months,10.65,97.06,B,B2,< 1 year,MORTGAGE,42000.0,Source Verified,Dec-2011,Fully Paid,n,car,TX,5.4,0.0,0.0,4.0,0.0,8220.0,78.3,9.0,f,0.0,0.0,4907.8,4880.55,0.0,0.0,3946.24,Dec-2012,0.0,INDIVIDUAL,0.0,,,
1303326,12000.0,12000.0,12000.0, 36 months,16.29,423.61,D,D1,9 years,RENT,88365.0,Verified,Dec-2011,Fully Paid,n,debt_consolidation,AZ,16.85,0.0,0.0,6.0,0.0,22936.0,96.4,15.0,f,0.0,0.0,14685.36,14685.36,0.0,0.0,5800.45,Sep-2015,0.0,INDIVIDUAL,0.0,,,
1303200,12000.0,12000.0,12000.0, 36 months,13.49,407.17,C,C1,4 years,RENT,72000.0,Source Verified,Dec-2011,Fully Paid,n,debt_consolidation,CA,21.33,0.0,1.0,11.0,0.0,3419.0,27.6,19.0,f,0.0,0.0,13985.6762204,13985.68,0.0,0.0,426.26,Jan-2016,0.0,INDIVIDUAL,0.0,,,
1303163,12000.0,12000.0,12000.0, 36 months,10.65,390.88,B,B2,< 1 year,RENT,62000.0,Verified,Dec-2011,Fully Paid,n,credit_card,TX,23.94,0.0,0.0,10.0,0.0,20310.0,78.4,51.0,f,0.0,0.0,12779.62,12779.62,0.0,0.0,10046.57,Jul-2015,0.0,INDIVIDUAL,0.0,,,
1302938,7000.0,7000.0,7000.0, 36 months,10.65,228.02,B,B2,3 years,MORTGAGE,43680.0,Not Verified,Dec-2011,Fully Paid,n,credit_card,MN,5.38,0.0,0.0,7.0,0.0,6245.0,78.1,11.0,f,0.0,0.0,7687.73,7687.73,0.0,0.0,4958.61,Feb-2013,0.0,INDIVIDUAL,0.0,,,
1299785,8200.0,8200.0,8200.0, 60 months,19.42,214.62,E,E3,3 years,RENT,120000.0,Source Verified,Dec-2011,Fully Paid,n,debt_consolidation,NY,2.8,0.0,2.0,5.0,0.0,10392.0,88.4,6.0,f,0.0,0.0,11894.895202299998,11894.9,0.0,0.0,4625.07,Jan-2016,0.0,INDIVIDUAL,0.0,,,
1303150,10500.0,10500.0,10500.0, 36 months,12.69,352.23,B,B5,10+ years,RENT,66000.0,Verified,Dec-2011,Fully Paid,n,medical,CA,20.73,1.0,2.0,8.0,0.0,5790.0,51.2,26.0,f,0.0,0.0,11232.14,11232.14,0.0,0.0,4421.32,Oct-2012,0.0,INDIVIDUAL,0.0,,,
1303147,7000.0,7000.0,7000.0, 36 months,11.71,231.54,B,B3,4 years,OWN,39120.0,Not Verified,Dec-2011,Fully Paid,n,debt_consolidation,FL,21.01,0.0,0.0,8.0,1.0,9414.0,52.4,26.0,f,0.0,0.0,7932.3,7932.3,0.0,0.0,4235.03,Jan-2016,0.0,INDIVIDUAL,0.0,,,
1303001,15300.0,15300.0,15275.0, 60 months,22.06,423.1,F,F4,6 years,RENT,85000.0,Verified,Dec-2011,Current,n,credit_card,VA,20.58,0.0,2.0,14.0,0.0,26524.0,89.7,27.0,f,4523.91,4516.51,20295.8,20262.65,0.0,0.0,423.1,Jan-2016,0.0,INDIVIDUAL,0.0,,,
1280928,20000.0,12800.0,12775.0, 60 months,11.71,282.86,B,B3,4 years,MORTGAGE,47800.0,Verified,Dec-2011,Fully Paid,n,debt_consolidation,VA,10.04,0.0,0.0,15.0,0.0,16447.0,46.3,27.0,f,0.0,0.0,15161.27,15131.66,0.0,0.0,9242.39,Nov-2013,0.0,INDIVIDUAL,0.0,,,
1303143,17500.0,17500.0,17500.0, 60 months,17.27,437.47,D,D3,7 years,MORTGAGE,45000.0,Not Verified,Dec-2011,Charged Off,n,credit_card,WA,21.31,0.0,2.0,13.0,0.0,20129.0,86.1,26.0,f,0.0,0.0,10037.1,10037.1,3486.0,625.616999998,437.47,Dec-2015,0.0,INDIVIDUAL,0.0,,,
1302971,3500.0,3500.0,3500.0, 36 months,6.03,106.53,A,A1,10+ years,MORTGAGE,83000.0,Verified,Dec-2011,Fully Paid,n,car,IL,2.31,0.0,0.0,6.0,0.0,3092.0,13.4,28.0,f,0.0,0.0,3834.66084993,3834.66,0.0,0.0,107.86,Dec-2014,0.0,INDIVIDUAL,0.0,,,
1302235,6000.0,6000.0,6000.0, 60 months,12.69,135.57,B,B5,< 1 year,RENT,81000.0,Source Verified,Dec-2011,Current,n,major_purchase,CO,13.66,1.0,0.0,6.0,0.0,15102.0,50.0,17.0,f,1527.6,1527.6,6495.11,6495.11,0.0,0.0,135.57,Jan-2016,0.0,INDIVIDUAL,0.0,,,
1302907,6200.0,6200.0,6200.0, 36 months,9.91,199.8,B,B1,2 years,RENT,25000.0,Not Verified,Dec-2011,Charged Off,n,debt_consolidation,CA,20.64,0.0,2.0,7.0,0.0,6533.0,47.7,12.0,f,0.0,0.0,2452.22,2452.22,258.27,2.54,199.8,May-2013,0.0,INDIVIDUAL,0.0,,,
1264291,16000.0,16000.0,16000.0, 60 months,17.58,402.65,D,D4,7 years,RENT,65000.0,Not Verified,Dec-2011,Current,n,debt_consolidation,KS,15.56,0.0,0.0,8.0,0.0,21166.0,87.1,16.0,f,4415.97,4415.97,19297.95,19297.95,0.0,0.0,402.65,Jan-2016,0.0,INDIVIDUAL,0.0,,,
1302906,6000.0,6000.0,6000.0, 36 months,8.9,190.52,A,A5,8 years,OWN,28800.0,Not Verified,Dec-2011,Fully Paid,n,debt_consolidation,NJ,13.17,0.0,0.0,11.0,0.0,5269.0,36.8,13.0,f,0.0,0.0,6857.16748626,6857.17,0.0,0.0,198.47,Dec-2015,0.0,INDIVIDUAL,0.0,,,
1300833,7200.0,7200.0,7200.0, 36 months,9.91,232.02,B,B1,6 years,RENT,135000.0,Not Verified,Dec-2011,Fully Paid,n,credit_card,NY,6.12,0.0,0.0,7.0,0.0,16627.0,79.6,18.0,f,0.0,0.0,8350.84434428,8350.84,0.0,0.0,240.64,Jan-2016,0.0,INDIVIDUAL,0.0,,,
1302930,9500.0,9500.0,9500.0, 36 months,8.9,301.66,A,A5,7 years,MORTGAGE,50000.0,Not Verified,Dec-2011,Fully Paid,n,credit_card,TX,8.18,0.0,0.0,8.0,0.0,13422.0,60.5,13.0,f,0.0,0.0,10493.71,10493.71,0.0,0.0,5378.43,Jan-2016,0.0,INDIVIDUAL,0.0,,,
1302924,18825.0,18825.0,18800.0, 60 months,16.77,465.53,D,D2,10+ years,RENT,38000.0,Verified,Dec-2011,Charged Off,n,debt_consolidation,TX,23.18,0.0,0.0,6.0,0.0,11004.0,79.7,7.0,f,0.0,0.0,18218.25,18194.23,3343.79,575.239300013,465.53,Jan-2016,0.0,INDIVIDUAL,0.0,,,
1302942,24000.0,24000.0,24000.0, 36 months,10.65,781.76,B,B2,10+ years,RENT,45000.0,Verified,Dec-2011,Fully Paid,n,debt_consolidation,CA,14.8,0.0,0.0,5.0,0.0,24708.0,55.2,9.0,f,0.0,0.0,28140.929359099995,28140.93,0.0,0.0,791.58,Dec-2014,0.0,INDIVIDUAL,0.0,,,
1300950,6000.0,6000.0,6000.0, 36 months,13.49,203.59,C,C1,10+ years,RENT,80000.0,Not Verified,Dec-2011,Fully Paid,n,debt_consolidation,CA,11.58,0.0,0.0,8.0,0.0,15499.0,83.8,16.0,f,0.0,0.0,7326.00978726,7326.01,0.0,0.0,212.86,Jan-2016,0.0,INDIVIDUAL,0.0,,,
1302879,6000.0,6000.0,6000.0, 36 months,13.49,203.59,C,C1,5 years,RENT,50000.0,Not Verified,Dec-2011,Fully Paid,n,debt_consolidation,AZ,15.38,0.0,1.0,6.0,0.0,15191.0,91.5,7.0,f,0.0,0.0,7325.54415322,7325.54,0.0,0.0,214.39,Dec-2014,0.0,INDIVIDUAL,0.0,,,
1302706,2100.0,2100.0,2100.0, 36 months,12.42,70.18,B,B4,10+ years,MORTGAGE,30000.0,Not Verified,Dec-2011,Fully Paid,n,vacation,LA,19.72,0.0,1.0,12.0,0.0,12183.0,82.9,26.0,f,0.0,0.0,2552.4852434,2552.49,0.0,0.0,72.44,Nov-2014,0.0,INDIVIDUAL,0.0,,,
1302680,5500.0,5500.0,5500.0, 36 months,6.62,168.88,A,A2,8 years,MORTGAGE,110000.0,Verified,Dec-2011,Fully Paid,n,small_business,CT,9.69,0.0,0.0,7.0,0.0,14136.0,21.9,26.0,f,0.0,0.0,6077.8756192,6077.88,0.0,0.0,178.58,Dec-2014,0.0,INDIVIDUAL,0.0,,,
1302681,11000.0,11000.0,11000.0, 36 months,6.62,337.75,A,A2,8 years,OWN,45608.0,Source Verified,Dec-2011,Fully Paid,n,debt_consolidation,LA,20.5,0.0,0.0,7.0,0.0,10677.0,58.7,11.0,f,0.0,0.0,12156.8573167,12156.86,0.0,0.0,349.86,Jan-2016,0.0,INDIVIDUAL,0.0,,,
1302831,26800.0,26800.0,26800.0, 60 months,20.89,723.38,F,F1,3 years,MORTGAGE,120000.0,Verified,Dec-2011,Fully Paid,n,debt_consolidation,FL,12.15,0.0,0.0,13.0,0.0,14772.0,48.0,18.0,f,0.0,0.0,32887.69,32887.69,0.0,0.0,23499.05,Jan-2016,0.0,INDIVIDUAL,0.0,,,
1277297,8000.0,8000.0,8000.0, 36 months,12.69,268.36,B,B5,5 years,MORTGAGE,35000.0,Not Verified,Dec-2011,Fully Paid,n,debt_consolidation,IL,10.05,0.0,0.0,7.0,0.0,6842.0,97.7,18.0,f,0.0,0.0,8999.1,8999.1,0.0,0.0,5514.5,Jun-2015,0.0,INDIVIDUAL,0.0,,,
1302365,10000.0,10000.0,10000.0, 36 months,18.25,362.78,D,D5,1 year,RENT,75000.0,Source Verified,Dec-2011,Charged Off,n,credit_card,CA,24.14,0.0,0.0,9.0,0.0,22828.0,96.3,26.0,f,0.0,0.0,11730.6,11730.6,229.06,2.2906,200.0,Jan-2015,0.0,INDIVIDUAL,0.0,,,
1287293,8000.0,8000.0,8000.0, 36 months,11.71,264.61,B,B3,9 years,MORTGAGE,35000.0,Verified,Dec-2011,Fully Paid,n,credit_card,NV,9.7,0.0,0.0,7.0,0.0,6142.0,46.5,8.0,f,0.0,0.0,9434.77693634,9434.78,0.0,0.0,2295.56,Apr-2014,0.0,INDIVIDUAL,0.0,,,
1293438,10000.0,10000.0,10000.0, 36 months,8.9,317.54,A,A5,6 years,RENT,24000.0,Verified,Dec-2011,Fully Paid,n,debt_consolidation,CA,7.0,0.0,0.0,6.0,0.0,6734.0,49.5,21.0,f,0.0,0.0,10868.92,10868.92,0.0,0.0,6743.26,Mar-2013,0.0,INDIVIDUAL,0.0,,,
1302622,12000.0,12000.0,12000.0, 36 months,11.71,396.92,B,B3,2 years,MORTGAGE,126000.0,Not Verified,Dec-2011,Fully Paid,n,debt_consolidation,OH,13.32,0.0,0.0,17.0,0.0,32711.0,54.1,38.0,f,0.0,0.0,14182.2998623,14182.3,0.0,0.0,3074.04,Jan-2016,0.0,INDIVIDUAL,0.0,,,
1302785,10000.0,10000.0,10000.0, 36 months,7.9,312.91,A,A4,1 year,RENT,43000.0,Not Verified,Dec-2011,Fully Paid,n,debt_consolidation,CA,25.26,0.0,0.0,8.0,0.0,8215.0,37.2,16.0,f,0.0,0.0,11264.009576,11264.01,0.0,0.0,4.84,Jan-2015,0.0,INDIVIDUAL,0.0,,,
1302773,12000.0,12000.0,12000.0, 36 months,9.91,386.7,B,B1,1 year,RENT,50000.0,Not Verified,Dec-2011,Fully Paid,n,debt_consolidation,CA,16.44,0.0,1.0,11.0,0.0,14335.0,29.3,25.0,f,0.0,0.0,13920.025070299998,13920.03,0.0,0.0,392.03,Jan-2015,0.0,INDIVIDUAL,0.0,,,
1302588,25000.0,25000.0,23088.161058, 60 months,13.49,575.12,C,C1,10+ years,MORTGAGE,67000.0,Verified,Dec-2011,Charged Off,n,credit_card,AK,14.15,0.0,0.0,6.0,0.0,15319.0,91.2,21.0,f,0.0,0.0,23880.65,20309.6,2010.58,361.9044,1179.0,Jul-2015,0.0,INDIVIDUAL,0.0,,,
1302360,19750.0,19750.0,19725.0, 36 months,10.65,643.33,B,B2,4 years,RENT,45000.0,Verified,Dec-2011,Charged Off,n,debt_consolidation,OR,22.8,0.0,0.0,12.0,0.0,16576.0,54.2,28.0,f,0.0,0.0,11930.65,11915.62,641.29,6.4128999974,787.01,Nov-2013,0.0,INDIVIDUAL,0.0,,,
1302430,10000.0,10000.0,10000.0, 36 months,9.91,322.25,B,B1,3 years,RENT,31200.0,Source Verified,Dec-2011,Fully Paid,n,debt_consolidation,NY,14.81,0.0,0.0,13.0,0.0,5540.0,27.0,19.0,f,0.0,0.0,10904.24,10904.24,0.0,0.0,6912.69,Mar-2015,0.0,INDIVIDUAL,0.0,,,
1299748,13650.0,13650.0,13650.0, 36 months,12.42,456.12,B,B4,4 years,RENT,66000.0,Verified,Dec-2011,Fully Paid,n,debt_consolidation,NV,24.09,0.0,0.0,11.0,0.0,8933.0,56.5,34.0,f,0.0,0.0,16011.18,16011.18,0.0,0.0,5980.83,Jan-2016,0.0,INDIVIDUAL,0.0,,,
1302564,28000.0,11800.0,11775.0, 60 months,19.91,312.04,E,E4,10+ years,RENT,52000.0,Verified,Dec-2011,Charged Off,n,debt_consolidation,TX,20.7,0.0,0.0,10.0,0.0,29178.0,87.6,16.0,f,0.0,0.0,12173.07,12147.29,3132.16,563.7887999980001,312.04,Sep-2014,0.0,INDIVIDUAL,0.0,,,
1302728,18000.0,18000.0,18000.0, 36 months,7.9,563.23,A,A4,10+ years,RENT,56964.0,Source Verified,Dec-2011,Fully Paid,n,debt_consolidation,CA,27.55,0.0,0.0,7.0,0.0,17381.0,76.6,20.0,f,0.0,0.0,20275.3365479,20275.34,0.0,0.0,567.29,Jan-2016,0.0,INDIVIDUAL,0.0,,,
1302565,2500.0,2500.0,2500.0, 36 months,14.27,85.78,C,C2,7 years,RENT,49500.0,Source Verified,Dec-2011,Fully Paid,n,debt_consolidation,FL,10.33,0.0,1.0,7.0,0.0,9868.0,37.7,20.0,f,0.0,0.0,2529.9,2529.9,0.0,0.0,2530.74,Feb-2012,0.0,INDIVIDUAL,0.0,,,
1299784,21000.0,21000.0,20120.8065726, 60 months,20.3,559.89,E,E5,10+ years,RENT,70000.0,Verified,Dec-2011,Fully Paid,n,credit_card,CO,23.21,0.0,2.0,17.0,0.0,12508.0,70.7,25.0,f,0.0,0.0,27085.42,24851.07,0.0,0.0,17029.75,Jan-2016,0.0,INDIVIDUAL,0.0,,,
1302729,35000.0,35000.0,35000.0, 36 months,8.9,1111.37,A,A5,6 years,MORTGAGE,125000.0,Verified,Dec-2011,Fully Paid,n,debt_consolidation,CA,22.71,0.0,0.0,8.0,0.0,9051.0,34.8,32.0,f,0.0,0.0,40006.54992390001,40006.55,0.0,0.0,1123.85,Dec-2014,0.0,INDIVIDUAL,0.0,,,
1302549,10000.0,10000.0,10000.0, 36 months,7.51,311.11,A,A3,3 years,RENT,33000.0,Not Verified,Dec-2011,Fully Paid,n,credit_card,NJ,9.75,0.0,1.0,9.0,0.0,68.0,0.6,19.0,f,0.0,0.0,11027.3,11027.3,0.0,0.0,4190.34,Nov-2013,0.0,INDIVIDUAL,0.0,,,
1291305,7000.0,7000.0,7000.0, 36 months,12.69,234.82,B,B5,< 1 year,RENT,30000.0,Source Verified,Dec-2011,Fully Paid,n,credit_card,VA,15.8,0.0,2.0,7.0,0.0,15455.0,47.6,11.0,f,0.0,0.0,8452.25679284,8452.26,0.0,0.0,238.06,Jan-2015,0.0,INDIVIDUAL,0.0,,,
1300572,24000.0,24000.0,24000.0, 36 months,15.96,843.3,C,C5,8 years,MORTGAGE,90000.0,Source Verified,Dec-2011,Charged Off,n,home_improvement,CA,9.17,0.0,1.0,9.0,0.0,30952.0,71.2,23.0,f,0.0,0.0,5895.68,5895.68,0.0,0.0,843.3,Jan-2016,0.0,INDIVIDUAL,0.0,,,
1295780,10625.0,10625.0,10625.0, 36 months,7.51,330.56,A,A3,5 years,MORTGAGE,23000.0,Not Verified,Dec-2011,Fully Paid,n,medical,OR,18.89,0.0,1.0,9.0,0.0,7114.0,43.4,21.0,f,0.0,0.0,11841.940708,11841.94,0.0,0.0,2594.01,Oct-2015,0.0,INDIVIDUAL,0.0,,,
1302311,5000.0,5000.0,5000.0, 36 months,14.65,172.48,C,C3,2 years,RENT,24000.0,Source Verified,Dec-2011,Fully Paid,n,debt_consolidation,PA,18.3,0.0,2.0,5.0,0.0,2429.0,33.3,9.0,f,0.0,0.0,5682.08,5682.08,0.0,0.0,3615.46,Jan-2016,0.0,INDIVIDUAL,0.0,,,
1302299,8850.0,8850.0,8850.0, 36 months,6.62,271.73,A,A2,10+ years,RENT,62000.0,Source Verified,Dec-2011,Fully Paid,n,credit_card,MD,17.71,0.0,0.0,7.0,0.0,9466.0,35.9,19.0,f,0.0,0.0,9781.60575467,9781.61,0.0,0.0,5.67,Jan-2016,0.0,INDIVIDUAL,0.0,,,
1302295,6375.0,6375.0,6375.0, 36 months,7.51,198.34,A,A3,4 years,RENT,44000.0,Source Verified,Dec-2011,Fully Paid,n,debt_consolidation,GA,4.8,0.0,0.0,7.0,0.0,6324.0,58.0,11.0,f,0.0,0.0,6737.55,6737.55,0.0,0.0,2585.54,Jan-2016,0.0,INDIVIDUAL,0.0,,,
1302467,6000.0,6000.0,6000.0, 36 months,11.71,198.46,B,B3,1 year,RENT,90000.0,Not Verified,Dec-2011,Fully Paid,n,credit_card,NJ,2.97,1.0,0.0,10.0,0.0,8489.0,56.6,23.0,f,0.0,0.0,7041.29375069,7041.29,0.0,0.0,2082.79,Mar-2014,0.0,INDIVIDUAL,0.0,,,
1302472,11100.0,11100.0,11100.0, 36 months,6.62,340.82,A,A2,10+ years,RENT,41000.0,Verified,Dec-2011,Charged Off,n,credit_card,PA,29.85,0.0,1.0,8.0,0.0,17518.0,62.3,18.0,f,0.0,0.0,8120.14,8120.14,626.5,6.265000000700001,340.82,Mar-2014,0.0,INDIVIDUAL,0.0,,,
1302044,10000.0,10000.0,10000.0, 60 months,12.69,225.95,B,B5,2 years,MORTGAGE,56000.0,Source Verified,Dec-2011,Fully Paid,n,debt_consolidation,CA,10.82,0.0,1.0,11.0,0.0,10081.0,31.2,18.0,f,0.0,0.0,12727.4260564,12727.43,0.0,0.0,5526.53,Sep-2014,0.0,INDIVIDUAL,0.0,,,
1292431,6200.0,6200.0,6200.0, 36 months,6.03,188.71,A,A1,5 years,MORTGAGE,26500.0,Not Verified,Dec-2011,Fully Paid,n,small_business,WV,18.2,0.0,0.0,6.0,0.0,2982.0,16.0,18.0,f,0.0,0.0,6793.070094399999,6793.07,0.0,0.0,1.83,Jan-2015,0.0,INDIVIDUAL,0.0,,,
1293317,15000.0,15000.0,15000.0, 36 months,18.64,547.12,E,E1,1 year,RENT,54000.0,Not Verified,Dec-2011,Fully Paid,n,debt_consolidation,GA,19.69,0.0,2.0,9.0,0.0,15183.0,90.3,12.0,f,0.0,0.0,19401.7193826,19401.72,0.0,0.0,4641.23,Jan-2016,0.0,INDIVIDUAL,0.0,,,
1302453,4200.0,4200.0,4200.0, 36 months,11.71,138.92,B,B3,2 years,RENT,53000.0,Not Verified,Dec-2011,Fully Paid,n,other,MD,16.91,0.0,0.0,15.0,0.0,8336.0,79.7,22.0,f,0.0,0.0,5000.4625104,5000.46,0.0,0.0,141.26,Jun-2015,0.0,INDIVIDUAL,0.0,,,
1301537,14000.0,14000.0,14000.0, 36 months,14.27,480.33,C,C2,4 years,RENT,52800.0,Not Verified,Dec-2011,Fully Paid,n,debt_consolidation,CA,7.36,0.0,1.0,9.0,0.0,13378.0,70.8,14.0,f,0.0,0.0,14487.95,14487.95,0.0,0.0,13531.87,Apr-2012,0.0,INDIVIDUAL,0.0,,,
1030901,8875.0,8875.0,8875.0, 36 months,7.51,276.11,A,A3,1 year,MORTGAGE,38000.0,Not Verified,Dec-2011,Fully Paid,n,debt_consolidation,GA,23.53,0.0,1.0,13.0,0.0,19056.0,62.1,27.0,f,0.0,0.0,9712.65,9712.65,0.0,0.0,4472.8,Sep-2013,0.0,INDIVIDUAL,0.0,,,
1296092,13500.0,13500.0,13500.0, 36 months,9.91,435.04,B,B1,7 years,RENT,38000.0,Verified,Dec-2011,Fully Paid,n,debt_consolidation,CA,12.38,0.0,1.0,3.0,0.0,16023.0,67.3,7.0,f,0.0,0.0,15657.939379499998,15657.94,0.0,0.0,307.62,Jan-2015,0.0,INDIVIDUAL,0.0,,,
1302450,12000.0,12000.0,12000.0, 36 months,9.91,386.7,B,B1,2 years,RENT,42000.0,Not Verified,Dec-2011,Charged Off,n,debt_consolidation,MN,7.83,0.0,2.0,8.0,0.0,9749.0,65.4,16.0,f,0.0,0.0,11234.49,11234.49,414.89,4.1489000016,386.7,Oct-2015,0.0,INDIVIDUAL,0.0,,,
1302449,16000.0,16000.0,15975.0, 60 months,19.91,423.11,E,E4,4 years,RENT,55000.0,Verified,Dec-2011,Fully Paid,n,debt_consolidation,WA,15.8,0.0,0.0,8.0,0.0,7743.0,72.4,19.0,f,0.0,0.0,22277.2628856,22242.46,0.0,0.0,10869.79,May-2014,0.0,INDIVIDUAL,0.0,,,
1270159,21600.0,21600.0,20498.2657811, 60 months,19.42,565.32,E,E3,8 years,MORTGAGE,60000.0,Source Verified,Dec-2011,Fully Paid,n,debt_consolidation,GA,16.74,1.0,0.0,6.0,0.0,13354.0,78.1,21.0,f,0.0,0.0,27580.75,24853.63,0.0,0.0,17416.49,Jan-2016,0.0,INDIVIDUAL,0.0,,,
1302434,6000.0,6000.0,6000.0, 36 months,10.65,195.44,B,B2,6 years,MORTGAGE,87000.0,Not Verified,Dec-2011,Fully Paid,n,home_improvement,NJ,12.86,2.0,0.0,12.0,0.0,11739.0,40.5,22.0,f,0.0,0.0,6999.42740728,6999.43,0.0,0.0,1335.92,Jan-2016,0.0,INDIVIDUAL,0.0,,,
1289398,8450.0,8450.0,8425.0, 60 months,16.77,208.97,D,D2,5 years,OWN,25000.0,Verified,Dec-2011,Fully Paid,n,debt_consolidation,IL,22.51,0.0,2.0,6.0,0.0,17614.0,83.5,21.0,f,0.0,0.0,12188.564422799998,12152.55,0.0,0.0,3239.35,Sep-2015,0.0,INDIVIDUAL,0.0,,,
1276836,20000.0,20000.0,18590.3377698, 60 months,13.49,460.1,C,C1,1 year,RENT,82000.0,Not Verified,Dec-2011,Fully Paid,n,credit_card,OH,17.68,0.0,0.0,13.0,0.0,26693.0,61.4,23.0,f,0.0,0.0,26397.3130625,23747.15,0.0,0.0,9848.46,Jan-2016,0.0,INDIVIDUAL,0.0,,,
1302151,10000.0,10000.0,10000.0, 36 months,11.71,330.76,B,B3,8 years,RENT,60000.0,Not Verified,Dec-2011,Charged Off,n,debt_consolidation,CA,22.08,0.0,0.0,8.0,0.0,5626.0,29.3,26.0,f,0.0,0.0,6002.23,6002.23,319.46,57.5028,62.38,Nov-2013,0.0,INDIVIDUAL,0.0,,,
1302174,12000.0,12000.0,12000.0, 36 months,16.29,423.61,D,D1,5 years,MORTGAGE,80000.0,Verified,Dec-2011,Fully Paid,n,credit_card,GA,18.18,0.0,0.0,8.0,0.0,29609.0,97.2,11.0,f,0.0,0.0,14946.5600236,14946.56,0.0,0.0,4368.56,Jan-2016,0.0,INDIVIDUAL,0.0,,,
1302371,13475.0,13475.0,13450.0, 60 months,13.49,309.99,C,C1,10+ years,RENT,25000.0,Verified,Dec-2011,Charged Off,n,credit_card,CA,21.89,0.0,1.0,7.0,0.0,9943.0,65.8,14.0,f,0.0,0.0,6198.89,6187.44,0.0,0.0,28.0,Jan-2016,0.0,INDIVIDUAL,0.0,,,
1284571,7200.0,7200.0,7200.0, 36 months,12.42,240.59,B,B4,5 years,RENT,48000.0,Not Verified,Dec-2011,Fully Paid,n,major_purchase,IL,17.43,0.0,1.0,7.0,0.0,16450.0,80.2,10.0,f,0.0,0.0,8677.15633962,8677.16,0.0,0.0,19.26,Dec-2015,0.0,INDIVIDUAL,0.0,,,
1247741,5600.0,5600.0,5600.0, 36 months,14.65,193.17,C,C3,1 year,MORTGAGE,85000.0,Not Verified,Dec-2011,Charged Off,n,debt_consolidation,AZ,12.24,1.0,3.0,8.0,0.0,6812.0,90.8,31.0,f,0.0,0.0,1350.86,1350.86,0.0,0.0,193.17,Jan-2016,0.0,INDIVIDUAL,0.0,,,
1298688,12000.0,12000.0,11975.0, 36 months,14.27,411.71,C,C2,< 1 year,RENT,57000.0,Verified,Dec-2011,Fully Paid,n,debt_consolidation,CA,10.86,0.0,1.0,7.0,0.0,9273.0,81.5,11.0,f,0.0,0.0,14396.58,14366.62,0.0,0.0,5359.38,Nov-2015,0.0,INDIVIDUAL,0.0,,,
1301487,8500.0,8500.0,8500.0, 36 months,6.03,258.71,A,A1,2 years,RENT,25000.0,Not Verified,Dec-2011,Fully Paid,n,credit_card,MD,1.73,0.0,0.0,6.0,0.0,2463.0,28.0,18.0,f,0.0,0.0,9074.73,9074.73,0.0,0.0,4936.27,May-2013,0.0,INDIVIDUAL,0.0,,,
1302322,8000.0,8000.0,8000.0, 36 months,9.91,257.8,B,B1,2 years,RENT,34000.0,Source Verified,Dec-2011,Fully Paid,n,credit_card,PA,18.28,0.0,0.0,6.0,0.0,7434.0,78.5,7.0,f,0.0,0.0,9279.81275176,9279.81,0.0,0.0,262.31,Jan-2016,0.0,INDIVIDUAL,0.0,,,
1289083,8000.0,8000.0,8000.0, 36 months,12.42,267.33,B,B4,10+ years,RENT,40000.0,Not Verified,Dec-2011,Fully Paid,n,credit_card,OR,15.0,0.0,0.0,10.0,0.0,18601.0,88.2,11.0,f,0.0,0.0,9622.78031997,9622.78,0.0,0.0,269.73,Jan-2015,0.0,INDIVIDUAL,0.0,,,
1301868,16000.0,16000.0,8150.0, 60 months,15.27,382.92,C,C4,10+ years,RENT,42656.4,Source Verified,Dec-2011,Fully Paid,n,debt_consolidation,GA,17.44,0.0,1.0,4.0,0.0,12830.0,92.3,17.0,f,0.0,0.0,22394.08,11406.98,0.0,0.0,199.56,Nov-2015,0.0,INDIVIDUAL,0.0,,,
1294027,15000.0,15000.0,15000.0, 36 months,17.27,536.81,D,D3,2 years,MORTGAGE,44400.0,Source Verified,Dec-2011,Fully Paid,n,house,FL,3.59,1.0,0.0,6.0,1.0,4582.0,91.6,16.0,f,0.0,0.0,17991.53,17991.53,0.0,0.0,9412.4,Jan-2016,0.0,INDIVIDUAL,0.0,,,
1301839,10000.0,10000.0,10000.0, 36 months,9.91,322.25,B,B1,2 years,OWN,30000.0,Not Verified,Dec-2011,Fully Paid,n,debt_consolidation,VT,11.24,0.0,1.0,8.0,0.0,9152.0,66.8,30.0,f,0.0,0.0,11386.4302245,11386.43,0.0,0.0,369.43,Jan-2016,0.0,INDIVIDUAL,0.0,,,
1291030,10000.0,10000.0,10000.0, 36 months,6.62,307.04,A,A2,5 years,MORTGAGE,70000.0,Not Verified,Dec-2011,Fully Paid,n,credit_card,NY,16.78,0.0,0.0,9.0,0.0,10770.0,69.0,18.0,f,0.0,0.0,10902.91,10902.91,0.0,0.0,4152.52,Aug-2015,0.0,INDIVIDUAL,0.0,,,
1294481,8000.0,8000.0,8000.0, 36 months,14.65,275.96,C,C3,3 years,RENT,28000.0,Not Verified,Dec-2011,Fully Paid,n,car,CA,12.6,0.0,1.0,8.0,0.0,6187.0,54.3,11.0,f,0.0,0.0,8636.82,8636.82,0.0,0.0,6983.56,Jan-2016,0.0,INDIVIDUAL,0.0,,,
1302055,22000.0,22000.0,22000.0, 36 months,9.91,708.95,B,B1,2 years,MORTGAGE,50000.0,Verified,Dec-2011,Fully Paid,n,debt_consolidation,MI,13.22,0.0,4.0,17.0,0.0,21470.0,49.8,32.0,f,0.0,0.0,25521.095720200006,25521.1,0.0,0.0,1430.05,Dec-2014,0.0,INDIVIDUAL,0.0,,,
1301833,6000.0,6000.0,6000.0, 36 months,14.27,205.86,C,C2,10+ years,MORTGAGE,94800.0,Verified,Dec-2011,Fully Paid,n,car,TX,24.53,0.0,1.0,13.0,0.0,71890.0,95.9,30.0,f,0.0,0.0,7215.05,7215.05,0.0,0.0,1960.88,Jun-2014,0.0,INDIVIDUAL,0.0,,,
1302043,16000.0,16000.0,15975.0, 60 months,9.91,339.25,B,B1,10+ years,OWN,40000.0,Verified,Dec-2011,Current,n,debt_consolidation,FL,9.39,0.0,1.0,6.0,0.0,13270.0,28.5,23.0,f,3861.12,3855.09,16282.75,16257.31,0.0,0.0,339.25,Jan-2016,0.0,INDIVIDUAL,0.0,,,
1302032,2500.0,2500.0,2500.0, 36 months,7.51,77.78,A,A3,,OWN,12000.0,Source Verified,Dec-2011,Charged Off,n,debt_consolidation,CA,16.3,0.0,2.0,13.0,0.0,4853.0,42.2,20.0,f,0.0,0.0,1838.88,1838.88,10.08,0.0,77.78,Jan-2016,0.0,INDIVIDUAL,0.0,,,
1294350,13500.0,13500.0,13500.0, 36 months,9.91,435.04,B,B1,2 years,MORTGAGE,36000.0,Source Verified,Dec-2011,Fully Paid,n,credit_card,DC,22.93,0.0,1.0,13.0,0.0,25011.0,67.2,15.0,f,0.0,0.0,15621.2660575,15621.27,0.0,0.0,1706.24,Jan-2016,0.0,INDIVIDUAL,0.0,,,
1301822,25000.0,25000.0,25000.0, 36 months,12.42,835.39,B,B4,2 years,RENT,225000.0,Verified,Dec-2011,Fully Paid,n,debt_consolidation,NJ,8.32,1.0,0.0,11.0,0.0,30449.0,34.6,23.0,f,0.0,0.0,30071.7288242,30071.73,0.0,0.0,842.08,Dec-2014,0.0,INDIVIDUAL,0.0,,,
1301804,10000.0,10000.0,10000.0, 36 months,13.49,339.31,C,C1,2 years,RENT,45900.0,Verified,Dec-2011,Fully Paid,n,small_business,CA,24.97,0.0,2.0,10.0,0.0,8936.0,48.3,12.0,f,0.0,0.0,12174.4823094,12174.48,0.0,0.0,1669.38,Jan-2016,0.0,INDIVIDUAL,0.0,,,
1301984,2500.0,2500.0,2500.0, 36 months,13.49,84.83,C,C1,4 years,RENT,27200.0,Not Verified,Dec-2011,Fully Paid,n,debt_consolidation,WA,6.44,0.0,0.0,6.0,0.0,3473.0,68.1,6.0,f,0.0,0.0,3050.27600404,3050.28,0.0,0.0,95.98,Dec-2014,0.0,INDIVIDUAL,0.0,,,
1301961,7325.0,7325.0,7325.0, 36 months,12.69,245.72,B,B5,1 year,RENT,42000.0,Not Verified,Dec-2011,Fully Paid,n,debt_consolidation,FL,22.57,0.0,3.0,12.0,0.0,7281.0,65.0,29.0,f,0.0,0.0,8844.70084212,8844.7,0.0,0.0,249.25,Jan-2015,0.0,INDIVIDUAL,0.0,,,
1301944,4000.0,4000.0,4000.0, 36 months,12.42,133.67,B,B4,5 years,RENT,135000.0,Verified,Dec-2011,Fully Paid,n,credit_card,NY,12.12,0.0,3.0,11.0,0.0,29311.0,85.7,21.0,f,0.0,0.0,4337.11,4337.11,0.0,0.0,3270.11,Nov-2015,0.0,INDIVIDUAL,0.0,,,
1301744,10000.0,10000.0,10000.0, 36 months,13.49,339.31,C,C1,5 years,RENT,65000.0,Not Verified,Dec-2011,Charged Off,n,small_business,CA,6.92,1.0,2.0,12.0,0.0,14292.0,69.5,17.0,f,0.0,0.0,9270.84,9270.84,459.53,4.4878,339.31,Jul-2014,0.0,INDIVIDUAL,0.0,,,
1301933,7750.0,7750.0,7750.0, 36 months,17.27,277.36,D,D3,< 1 year,RENT,24000.0,Not Verified,Dec-2011,Charged Off,n,debt_consolidation,IL,16.1,0.0,1.0,4.0,0.0,2348.0,67.1,7.0,f,0.0,0.0,6934.0,6934.0,11.91,0.0,277.36,Jan-2016,0.0,INDIVIDUAL,0.0,,,
1294536,20000.0,20000.0,20000.0, 60 months,20.89,539.84,F,F1,6 years,RENT,70000.0,Source Verified,Dec-2011,Charged Off,n,debt_consolidation,FL,16.63,0.0,1.0,10.0,0.0,10470.0,79.9,24.0,f,0.0,0.0,5425.96,5425.96,1073.61,10.48,591.09,Feb-2013,0.0,INDIVIDUAL,0.0,,,
1301036,9600.0,9600.0,9600.0, 36 months,12.42,320.79,B,B4,10+ years,RENT,65000.0,Verified,Dec-2011,Fully Paid,n,debt_consolidation,NY,11.65,0.0,0.0,6.0,0.0,11279.0,70.9,11.0,f,0.0,0.0,11337.71,11337.71,0.0,0.0,3643.9,Jan-2016,0.0,INDIVIDUAL,0.0,,,
1301506,21000.0,21000.0,21000.0, 60 months,11.71,464.07,B,B3,3 years,RENT,60000.0,Not Verified,Dec-2011,Charged Off,n,debt_consolidation,CA,6.62,0.0,0.0,7.0,0.0,10543.0,79.9,11.0,f,0.0,0.0,3708.24,3708.24,0.0,0.0,464.07,Aug-2012,0.0,INDIVIDUAL,0.0,,,
1301703,14000.0,14000.0,14000.0, 36 months,10.65,456.03,B,B2,3 years,RENT,30000.0,Source Verified,Dec-2011,Fully Paid,n,credit_card,CT,15.52,0.0,0.0,7.0,0.0,15542.0,65.6,14.0,f,0.0,0.0,15200.08,15200.08,0.0,0.0,10643.16,Dec-2012,0.0,INDIVIDUAL,0.0,,,
1300973,13350.0,13350.0,13350.0, 36 months,12.42,446.1,B,B4,10+ years,RENT,43000.0,Not Verified,Dec-2011,Fully Paid,n,debt_consolidation,CA,20.57,0.0,0.0,7.0,0.0,11531.0,95.3,15.0,f,0.0,0.0,16058.3944183,16058.39,0.0,0.0,449.39,Jan-2016,0.0,INDIVIDUAL,0.0,,,
1301699,15000.0,15000.0,15000.0, 36 months,16.77,533.08,D,D2,10+ years,RENT,42000.0,Verified,Dec-2011,Charged Off,n,debt_consolidation,WI,19.63,0.0,2.0,10.0,0.0,8238.0,74.9,38.0,f,0.0,0.0,13373.77,13373.77,1084.71,40.7831000068,188.69,Apr-2014,0.0,INDIVIDUAL,0.0,,,
1301481,15000.0,15000.0,15000.0, 36 months,17.27,536.81,D,D3,8 years,RENT,75000.0,Source Verified,Dec-2011,Charged Off,n,debt_consolidation,CA,16.03,0.0,0.0,10.0,0.0,13505.0,75.9,17.0,f,0.0,0.0,10198.4,10198.4,15.16,5.64,536.81,Jan-2016,0.0,INDIVIDUAL,0.0,,,
1277832,11000.0,11000.0,10750.0, 60 months,13.49,253.06,C,C1,10+ years,MORTGAGE,129000.0,Verified,Dec-2011,Current,n,debt_consolidation,CA,10.94,0.0,0.0,10.0,0.0,1735.0,24.1,31.0,f,2841.5,2777.27,12119.38,11843.35,0.0,0.0,253.06,Jan-2016,0.0,INDIVIDUAL,0.0,,,
1301459,35000.0,35000.0,35000.0, 36 months,10.65,1140.07,B,B2,2 years,MORTGAGE,168000.0,Verified,Dec-2011,Fully Paid,n,debt_consolidation,TX,3.17,1.0,1.0,16.0,0.0,1099.0,1.4,22.0,f,0.0,0.0,38059.76,38059.76,0.0,0.0,272.59,Sep-2013,0.0,INDIVIDUAL,0.0,,,
1301465,9000.0,9000.0,9000.0, 36 months,10.65,293.16,B,B2,9 years,MORTGAGE,74000.0,Source Verified,Dec-2011,Fully Paid,n,credit_card,SD,8.89,0.0,0.0,7.0,0.0,7388.0,71.7,10.0,f,0.0,0.0,10552.7927996,10552.79,0.0,0.0,6.65,Jan-2016,0.0,INDIVIDUAL,0.0,,,
1292842,22475.0,22475.0,22425.0, 60 months,15.27,537.87,C,C4,7 years,MORTGAGE,52000.0,Verified,Dec-2011,Current,n,debt_consolidation,NH,15.23,0.0,1.0,7.0,0.0,18554.0,61.8,23.0,f,5962.67,5949.34,25796.01,25738.74,0.0,0.0,537.87,Jan-2016,0.0,INDIVIDUAL,0.0,,,
1301632,16000.0,16000.0,16000.0, 36 months,12.69,536.72,B,B5,1 year,RENT,58500.0,Source Verified,Dec-2011,Charged Off,n,debt_consolidation,IL,20.64,0.0,0.0,8.0,0.0,26224.0,89.3,10.0,f,0.0,0.0,12295.72,12295.72,10.47,1.7799000028999998,528.58,Jan-2016,0.0,INDIVIDUAL,0.0,,,
1301658,13500.0,13500.0,13500.0, 36 months,12.69,452.86,B,B5,5 years,RENT,71000.0,Source Verified,Dec-2011,Fully Paid,n,debt_consolidation,VA,11.97,0.0,2.0,4.0,0.0,6681.0,77.7,11.0,f,0.0,0.0,16301.5451734,16301.55,0.0,0.0,456.95,Dec-2014,0.0,INDIVIDUAL,0.0,,,
1301436,24000.0,24000.0,24000.0, 36 months,12.69,805.08,B,B5,10+ years,RENT,75000.0,Verified,Dec-2011,Fully Paid,n,debt_consolidation,WA,11.6,0.0,0.0,10.0,0.0,21609.0,84.6,33.0,f,0.0,0.0,28978.678948400004,28978.68,0.0,0.0,819.13,Jan-2016,0.0,INDIVIDUAL,0.0,,,
1301654,12000.0,12000.0,12000.0, 36 months,10.65,390.88,B,B2,5 years,RENT,60000.0,Not Verified,Dec-2011,Fully Paid,n,credit_card,CA,10.84,0.0,1.0,12.0,0.0,11849.0,48.8,18.0,f,0.0,0.0,14070.3986395,14070.4,0.0,0.0,396.1,Jan-2016,0.0,INDIVIDUAL,0.0,,,
1301634,8400.0,8400.0,8150.0, 60 months,16.77,207.73,D,D2,5 years,RENT,87996.0,Not Verified,Dec-2011,Current,n,major_purchase,NY,11.35,0.0,0.0,8.0,0.0,9551.0,80.3,13.0,f,2295.64,2227.76,9940.54,9643.84,0.0,0.0,207.73,Jan-2016,0.0,INDIVIDUAL,0.0,,,
1300826,28000.0,28000.0,27975.0, 60 months,17.58,704.64,D,D4,5 years,MORTGAGE,140000.0,Verified,Dec-2011,Fully Paid,n,home_improvement,NC,12.07,0.0,1.0,13.0,0.0,2686.0,13.4,24.0,f,0.0,0.0,28411.15,28385.78,0.0,0.0,28412.43,Jan-2012,0.0,INDIVIDUAL,0.0,,,
1301392,14000.0,14000.0,14000.0, 36 months,6.62,429.86,A,A2,10+ years,RENT,66000.0,Source Verified,Dec-2011,Fully Paid,n,debt_consolidation,VA,11.15,0.0,1.0,7.0,0.0,12095.0,35.4,46.0,f,0.0,0.0,15450.0842184,15450.08,0.0,0.0,2133.17,Aug-2014,0.0,INDIVIDUAL,0.0,,,
1301405,12000.0,12000.0,12000.0, 36 months,14.27,411.71,C,C2,8 years,MORTGAGE,70000.0,Not Verified,Dec-2011,Charged Off,n,other,NY,8.4,0.0,1.0,7.0,0.0,11546.0,86.2,12.0,f,0.0,0.0,4241.16,4241.16,543.42,5.32,411.71,Feb-2013,0.0,INDIVIDUAL,0.0,,,
1301397,25000.0,25000.0,25000.0, 36 months,11.71,826.9,B,B3,10+ years,MORTGAGE,100000.0,Verified,Dec-2011,Fully Paid,n,debt_consolidation,RI,6.88,0.0,1.0,8.0,0.0,21128.0,89.1,18.0,f,0.0,0.0,29277.573837400007,29277.57,0.0,0.0,1122.55,Aug-2014,0.0,INDIVIDUAL,0.0,,,
1299445,9000.0,9000.0,9000.0, 36 months,12.69,301.91,B,B5,5 years,RENT,50000.0,Source Verified,Dec-2011,Fully Paid,n,debt_consolidation,NY,17.81,0.0,1.0,13.0,0.0,12752.0,55.4,21.0,f,0.0,0.0,10867.2099768,10867.21,0.0,0.0,306.11,Sep-2015,0.0,INDIVIDUAL,0.0,,,
1301395,13250.0,13250.0,13250.0, 36 months,10.65,431.6,B,B2,4 years,RENT,35000.0,Not Verified,Dec-2011,Fully Paid,n,debt_consolidation,OH,24.93,0.0,2.0,11.0,0.0,13392.0,58.7,25.0,f,0.0,0.0,15535.9318576,15535.93,0.0,0.0,437.68,Jan-2016,0.0,INDIVIDUAL,0.0,,,
1293509,20000.0,20000.0,20000.0, 36 months,13.49,678.61,C,C1,6 years,RENT,75000.0,Verified,Dec-2011,Fully Paid,n,debt_consolidation,CA,22.38,0.0,1.0,7.0,0.0,19548.0,90.8,17.0,f,0.0,0.0,23861.58,23861.58,0.0,0.0,8269.74,Jan-2016,0.0,INDIVIDUAL,0.0,,,
